id,title,score,author,author_flair_text,removed_by,total_awards_received,awarders,created_utc,full_link,num_comments,over_18
ll0n4p,"Need explanations on Level 2 data for GME, why isn’t the price higher if asks are only 4000$+",1,toutoucnc,210115:1:1,moderator,0.0,[],1613469189,https://www.reddit.com/r/wallstreetbets/comments/ll0n4p/need_explanations_on_level_2_data_for_gme_why/,2,False
ll0d5c,SAS = GME,1,Chacky_stocks,,moderator,0.0,[],1613467866,https://www.reddit.com/r/wallstreetbets/comments/ll0d5c/sas_gme/,2,False
lkzzpj,Is anybody still holding onto GME?,1,santiagoivanov,,moderator,0.0,[],1613466171,https://www.reddit.com/r/wallstreetbets/comments/lkzzpj/is_anybody_still_holding_onto_gme/,2,False
lkzzc4,Should I sell GameStop stock?,1,ColdBold21,,moderator,0.0,[],1613466128,https://www.reddit.com/r/wallstreetbets/comments/lkzzc4/should_i_sell_gamestop_stock/,2,False
lkzmms,Show is over for GME and AMC? What happened to all the posts and analysis?,1,Alien1688,,moderator,0.0,[],1613464546,https://www.reddit.com/r/wallstreetbets/comments/lkzmms/show_is_over_for_gme_and_amc_what_happened_to_all/,2,False
lkzdxt,XRT is being used to Hide GME Shorts,1,GotenXx,,moderator,0.0,[],1613463477,https://www.reddit.com/r/wallstreetbets/comments/lkzdxt/xrt_is_being_used_to_hide_gme_shorts/,2,False
lkzc2d,Robinhood Cofounder discussing GME with former SEC Chairman in one week,1,fadisaleh,,reddit,0.0,[],1613463219,https://www.reddit.com/r/wallstreetbets/comments/lkzc2d/robinhood_cofounder_discussing_gme_with_former/,0,False
lkzbcd,Robinhood Cofounder discussing GME with former SEC Chairman in one week,1,fadisaleh,,reddit,0.0,[],1613463125,https://www.reddit.com/r/wallstreetbets/comments/lkzbcd/robinhood_cofounder_discussing_gme_with_former/,0,True
lkyrje,WTF is up with XRT ETF and GME?,1,Tooobin,,moderator,0.0,[],1613460744,https://www.reddit.com/r/wallstreetbets/comments/lkyrje/wtf_is_up_with_xrt_etf_and_gme/,2,False
lkymhe,🚀🔥🚀🔥$GME... If we come together we can!!! $GME One last time this Friday 2/19!!!!!!🔥🚀🔥🚀🔥 We like the stock!!!!!!!!!,1,daddyelonxash,,moderator,0.0,[],1613460169,https://www.reddit.com/r/wallstreetbets/comments/lkymhe/gme_if_we_come_together_we_can_gme_one_last_time/,2,False
lkyeqs,"DOFSQ - Oil play, why obsess over GME?",1,bluewavefunds,,moderator,0.0,[],1613459281,https://www.reddit.com/r/wallstreetbets/comments/lkyeqs/dofsq_oil_play_why_obsess_over_gme/,2,False
lky7wp,"This is no ""Yolo-GME-Rich-in-2-Weeks"" sorry. Lets talk about something i think could make some safe profit.",1,Sea_Ad5520,,moderator,0.0,[],1613458492,https://www.reddit.com/r/wallstreetbets/comments/lky7wp/this_is_no_yologmerichin2weeks_sorry_lets_talk/,0,False
lky2oe,Get your GME money back,1,FelixTheGreatOne,,moderator,0.0,[],1613457941,https://www.reddit.com/r/wallstreetbets/comments/lky2oe/get_your_gme_money_back/,2,False
lky1jk,Tax Season: For those that lost huge on GME... you can enjoy a lifetime of capital loss curtesy of Uncle Sam,1,atsparkinson,,moderator,0.0,[],1613457816,https://www.reddit.com/r/wallstreetbets/comments/lky1jk/tax_season_for_those_that_lost_huge_on_gme_you/,2,False
lkxza2,GME Should Go Bankrupt,1,Onboarding92,,reddit,0.0,[],1613457568,https://www.reddit.com/r/wallstreetbets/comments/lkxza2/gme_should_go_bankrupt/,0,False
lkxlj6,For all my fellow retards out there still holding GME.. is this Jim Cramer or Donye Wump?🤣🤣🤣,1,violetchampagne,,moderator,0.0,[],1613456088,https://www.reddit.com/r/wallstreetbets/comments/lkxlj6/for_all_my_fellow_retards_out_there_still_holding/,0,False
lkxfs4,For all my fellow retards out there still holding GME is this Jim Cramer or Donye Wimp??,1,violetchampagne,,moderator,0.0,[],1613455534,https://www.reddit.com/r/wallstreetbets/comments/lkxfs4/for_all_my_fellow_retards_out_there_still_holding/,0,False
lkxddf,To my GME folks,1,momolenfoire224,,moderator,0.0,[],1613455280,https://www.reddit.com/r/wallstreetbets/comments/lkxddf/to_my_gme_folks/,0,False
lkx8o2,"AI generated DD for GME - says don't buy it - sorry.. love the movement, but... Its expensive; profitability is close to weak; street sentiment is close to a push; momentum is obliviously at a ridiculously high score but its a bubble.. survey says:",1,DueDillie,,reddit,0.0,[],1613454751,https://www.reddit.com/r/wallstreetbets/comments/lkx8o2/ai_generated_dd_for_gme_says_dont_buy_it_sorry/,2,False
lkx805,"“Trust me bro, GME 800C can not go tits up. Yes, mortgage your wife’s bf’s house”",1,ZaddyPowell69,,reddit,0.0,[],1613454676,https://www.reddit.com/r/wallstreetbets/comments/lkx805/trust_me_bro_gme_800c_can_not_go_tits_up_yes/,2,False
lkx6iq,"AI generated DD for GME - says don't buy it - sorry.. love the movement, but... Its expensive; profitability is close to weak; street sentiment is close to a push; momentum is obliviously at a ridiculously high score but its a bubble.. survey says:",1,DueDillie,,moderator,0.0,[],1613454542,https://www.reddit.com/r/wallstreetbets/comments/lkx6iq/ai_generated_dd_for_gme_says_dont_buy_it_sorry/,2,False
lkx67y,Is the squeeze squoze on GME?,1,ExtraGuacAM,,moderator,0.0,[],1613454506,https://www.reddit.com/r/wallstreetbets/comments/lkx67y/is_the_squeeze_squoze_on_gme/,2,False
lkx60o,r/GME has some really good DD if you know what I Mean..,1,teertsllawkcuf,,moderator,0.0,[],1613454485,https://www.reddit.com/r/wallstreetbets/comments/lkx60o/rgme_has_some_really_good_dd_if_you_know_what_i/,2,False
lkx41j,"You thought this was Game of Markets, turns out it is just Hunger Games STONKS SAGA! How Citadel &amp; RH fucked over the GME squeeze by changing the rules of the game and no one gives a fuck about it and why Mark Cuban is RIGHT!",1,Rick_Perrys_Asshole,,,0.0,[],1613454310,https://www.reddit.com/r/wallstreetbets/comments/lkx41j/you_thought_this_was_game_of_markets_turns_out_it/,30,False
lkwx0k,Billions of people around the world are buying or have bought at the VARY least 1 gme or amc. You expect me to believe the value of these stocks with the amount of money in them is what the stock market says right now!? Now that's funny. Anyone with a pittance worth of money should put it on this.,1,AlienInAnOrangeBall,,moderator,0.0,[],1613453555,https://www.reddit.com/r/wallstreetbets/comments/lkwx0k/billions_of_people_around_the_world_are_buying_or/,2,False
lkwttd,This is insane!! Wonder why someone will donate you $$ when you gamble your life savings on GME.,1,dangthishurts,,reddit,0.0,[],1613453258,https://www.reddit.com/r/wallstreetbets/comments/lkwttd/this_is_insane_wonder_why_someone_will_donate_you/,2,False
lkwsjw,Stroll into my local GameStop,1,Impossible081,,,0.0,[],1613453150,https://www.reddit.com/r/wallstreetbets/comments/lkwsjw/stroll_into_my_local_gamestop/,24,False
lkwkfj,GME day to moon,1,kychui2323,,moderator,0.0,[],1613452327,https://www.reddit.com/r/wallstreetbets/comments/lkwkfj/gme_day_to_moon/,0,False
lkwjyy,GME day to moon,1,kychui2323,,moderator,0.0,[],1613452284,https://www.reddit.com/r/wallstreetbets/comments/lkwjyy/gme_day_to_moon/,0,False
lkwhyg,"You can’t buy these street smarts, and the government won’t be taxing my three shares of $215-300 GME 💎 🚀 😂",1,ZebstrikaMD,,reddit,0.0,[],1613452121,https://www.reddit.com/r/wallstreetbets/comments/lkwhyg/you_cant_buy_these_street_smarts_and_the/,2,False
lkvpiz,GME to the moon 🖐💎🤚,1,HugeNuge0,,moderator,0.0,[],1613449415,https://www.reddit.com/r/wallstreetbets/comments/lkvpiz/gme_to_the_moon/,1,False
lkvogs,XRT is being used to hide GME shorts. XRT currently sits at 190% SHORT FLOAT. Peaking on 2/1 at over 800% SHORT FLOAT!!,1,HugeNuge0,,moderator,0.0,[],1613449308,https://www.reddit.com/r/wallstreetbets/comments/lkvogs/xrt_is_being_used_to_hide_gme_shorts_xrt/,1,False
lkvhy9,"Mods are asleep, frontpage GME posts",1,watchthegaps,gay,moderator,0.0,[],1613448729,https://www.reddit.com/r/wallstreetbets/comments/lkvhy9/mods_are_asleep_frontpage_gme_posts/,1,False
lkvh2i,xrt_is_being_used_to_hide_gme_shorts_xrt,1,__Wilk__,,moderator,0.0,[],1613448639,https://www.reddit.com/r/wallstreetbets/comments/lkvh2i/xrt_is_being_used_to_hide_gme_shorts_xrt/,0,False
lkvfa5,WE ARE IN CONTROL. 🚀 WE HOLD THE AMMO BABY GME TO THE MOON,8,RepresentativeIll627,210116:1:2,moderator,0.0,[],1613448489,https://www.reddit.com/r/wallstreetbets/comments/lkvfa5/we_are_in_control_we_hold_the_ammo_baby_gme_to/,6,False
lkvf89,"What will Grampa Warren’s pick be? PYPL, PLTR, DIS,GOOGL...GME?",1,thatsanicehaircut,,reddit,0.0,[],1613448485,https://www.reddit.com/r/wallstreetbets/comments/lkvf89/what_will_grampa_warrens_pick_be_pypl_pltr/,0,False
lkvf5q,"Mods are asleep, frontpage all GME posts",1,watchthegaps,gay,moderator,0.0,[],1613448479,https://www.reddit.com/r/wallstreetbets/comments/lkvf5q/mods_are_asleep_frontpage_all_gme_posts/,1,False
lkveyk,"Don’t listen to these idiots. 18 year olds who just started investing are listening to this crap. Experienced investor here...YOU WILL LOSE MONEY. Get out now! Sell GME, AMC, NOK, NAKD, BB. You’ll be happy you did.",1,NIM5T_55,,moderator,0.0,[],1613448459,https://www.reddit.com/r/wallstreetbets/comments/lkveyk/dont_listen_to_these_idiots_18_year_olds_who_just/,1,False
lkvdqq,"Guys this entire page has been compromised by paid off ppl, join r/GME on the real news of what's going on. Major shit with XRT happening.",1,DerriSsays,,moderator,0.0,[],1613448340,https://www.reddit.com/r/wallstreetbets/comments/lkvdqq/guys_this_entire_page_has_been_compromised_by/,1,False
lkvdp6,https://www.reddit.com/r/wallstreetbets/comments/lktxjx/xrt_is_being_used_to_hide_gme_shorts_xrt/?utm_source=share&amp;utm_medium=ios_app&amp;utm_name=iossmf,1,Trdrwnbe,,moderator,0.0,[],1613448336,https://www.reddit.com/r/wallstreetbets/comments/lkvdp6/httpswwwredditcomrwallstreetbetscommentslktxjxxrt/,1,False
lkvd70,Gme short data 2/12,1,Jazzlike_Apricot7606,,moderator,0.0,[],1613448289,https://www.reddit.com/r/wallstreetbets/comments/lkvd70/gme_short_data_212/,0,False
lkvbuj,Important information on GME!,1,NelmesGaming,,moderator,0.0,[],1613448166,https://www.reddit.com/r/wallstreetbets/comments/lkvbuj/important_information_on_gme/,2,False
lkvbrz,Is XRT is being used to hide GME shorts?,30,[deleted],,deleted,0.0,[],1613448160,https://www.reddit.com/r/wallstreetbets/comments/lkvbrz/is_xrt_is_being_used_to_hide_gme_shorts/,41,False
lkv9ev,About GME doom day and welcome to discuss,1,Dazzling-Crowuuuuu,,moderator,0.0,[],1613447963,https://www.reddit.com/r/wallstreetbets/comments/lkv9ev/about_gme_doom_day_and_welcome_to_discuss/,0,False
lkv8v4,Check out top posts r/GME for XRT info,1,derfmongol,,moderator,0.0,[],1613447909,https://www.reddit.com/r/wallstreetbets/comments/lkv8v4/check_out_top_posts_rgme_for_xrt_info/,1,False
lkv519,Check out r/GME for XRT info,1,[deleted],,deleted,0.0,[],1613447569,https://www.reddit.com/r/wallstreetbets/comments/lkv519/check_out_rgme_for_xrt_info/,1,False
lkv45q,Help!? Should I sell my GME STOCK BEFORE I LOSE MORE $ OR HOLD?,1,[deleted],,deleted,0.0,[],1613447485,https://www.reddit.com/r/wallstreetbets/comments/lkv45q/help_should_i_sell_my_gme_stock_before_i_lose/,1,False
lkuynq,GME + AMC Partnership? Is it possible?,1,Bornandbread1,,moderator,0.0,[],1613446942,https://www.reddit.com/r/wallstreetbets/comments/lkuynq/gme_amc_partnership_is_it_possible/,0,False
lkuw3w,$$GAMR$$ is the ETF that has the most GME stock in it!,1,djroy32,,moderator,0.0,[],1613446712,https://www.reddit.com/r/wallstreetbets/comments/lkuw3w/gamr_is_the_etf_that_has_the_most_gme_stock_in_it/,1,False
lkuvd1,$GAMR$ is the ETF that has the most GME stock in it!,1,djroy32,,moderator,0.0,[],1613446648,https://www.reddit.com/r/wallstreetbets/comments/lkuvd1/gamr_is_the_etf_that_has_the_most_gme_stock_in_it/,1,False
lkutrk,GAMR is the ETF that has the most GME stock in it!,1,djroy32,,moderator,0.0,[],1613446545,https://www.reddit.com/r/wallstreetbets/comments/lkutrk/gamr_is_the_etf_that_has_the_most_gme_stock_in_it/,1,False
lkuswb,GAMR is the ETF that has the most GME stock in it!,1,djroy32,,moderator,0.0,[],1613446467,https://www.reddit.com/r/wallstreetbets/comments/lkuswb/gamr_is_the_etf_that_has_the_most_gme_stock_in_it/,1,False
lkur7k,Short volume and GME day to 🚀,1,Dazzling-Crowuuuuu,,moderator,0.0,[],1613446313,https://www.reddit.com/r/wallstreetbets/comments/lkur7k/short_volume_and_gme_day_to/,1,False
lkur3h,CLOV next GME?,1,Financeyeags,,moderator,0.0,[],1613446303,https://www.reddit.com/r/wallstreetbets/comments/lkur3h/clov_next_gme/,0,False
lkuqp6,About GME shorting HF doom day - welcome to discuss,1,Dazzling-Crowuuuuu,,moderator,0.0,[],1613446267,https://www.reddit.com/r/wallstreetbets/comments/lkuqp6/about_gme_shorting_hf_doom_day_welcome_to_discuss/,1,False
lkugk5,why not buy $gme on2.18 during the hearings?,1,Earnest_Nick_Adams,,moderator,0.0,[],1613445377,https://www.reddit.com/r/wallstreetbets/comments/lkugk5/why_not_buy_gme_on218_during_the_hearings/,1,False
lkub6t,New Documentary about GameStop in the works,1,gmn248,,reddit,0.0,[],1613444901,https://www.reddit.com/r/wallstreetbets/comments/lkub6t/new_documentary_about_gamestop_in_the_works/,0,False
lktxjx,XRT is being used to hide GME shorts. XRT currently sits at 190% SHORT FLOAT. Peaking on 2/1 at over 800% SHORT FLOAT!!,219,saliym1988,,,7.0,[],1613443702,https://www.reddit.com/r/wallstreetbets/comments/lktxjx/xrt_is_being_used_to_hide_gme_shorts_xrt/,434,False
lktx4u,Why Not Buy $GME during hearings?,1,Earnest_Nick_Adams,,moderator,0.0,[],1613443661,https://www.reddit.com/r/wallstreetbets/comments/lktx4u/why_not_buy_gme_during_hearings/,1,False
lktwjj,XRT is being used to hide GME shorts. XRT currently sits at 190% SHORT FLOAT. Peaking on 2/1 at over 800% SHORT FLOAT!!,1,[deleted],,deleted,0.0,[],1613443603,https://www.reddit.com/r/wallstreetbets/comments/lktwjj/xrt_is_being_used_to_hide_gme_shorts_xrt/,1,False
lktw77,155 shares of GME at an avg cost of $242 per. Down over 28k in 28 days.,1,dankantspelle,210118:1:1,reddit,0.0,[],1613443573,https://www.reddit.com/r/wallstreetbets/comments/lktw77/155_shares_of_gme_at_an_avg_cost_of_242_per_down/,1,False
lkts7w,"XRT is short 180%, it has a large volume of Gamestop shares",1,felix45,,moderator,0.0,[],1613443249,https://www.reddit.com/r/wallstreetbets/comments/lkts7w/xrt_is_short_180_it_has_a_large_volume_of/,0,False
lktrhe,is XRT is being used to hide GME shorts?,86,--X0X0--,,moderator,5.0,[],1613443199,https://www.reddit.com/r/wallstreetbets/comments/lktrhe/is_xrt_is_being_used_to_hide_gme_shorts/,33,False
lktqsg,"“Hey, welcome to GameStop”",1,espressoshjts,,reddit,0.0,[],1613443136,https://www.reddit.com/r/wallstreetbets/comments/lktqsg/hey_welcome_to_gamestop/,1,False
lktpvm,"XRT shorted 180%, Has a large volume of GME",1,felix45,,reddit,0.0,[],1613443052,https://www.reddit.com/r/wallstreetbets/comments/lktpvm/xrt_shorted_180_has_a_large_volume_of_gme/,0,False
lkto87,Gme. Moon. DD. Banana.,1,Defiant_Equipment466,,reddit,0.0,[],1613442899,https://www.reddit.com/r/wallstreetbets/comments/lkto87/gme_moon_dd_banana/,1,False
lktnjt,Why is GME staying around $50?,1,MrSir89,,moderator,0.0,[],1613442836,https://www.reddit.com/r/wallstreetbets/comments/lktnjt/why_is_gme_staying_around_50/,1,False
lktn4x,Gme moon bound !!,1,Defiant_Equipment466,,moderator,0.0,[],1613442796,https://www.reddit.com/r/wallstreetbets/comments/lktn4x/gme_moon_bound/,1,False
lktmxy,XRT is being used to hide GME shorts. XRT currently sits at 190% SHORT FLOAT. Peaking on 2/1 at over 800% SHORT FLOAT!!,1,17thgreen,,moderator,0.0,[],1613442782,https://www.reddit.com/r/wallstreetbets/comments/lktmxy/xrt_is_being_used_to_hide_gme_shorts_xrt/,0,False
lktkzn,GME dead?,1,Infected_melody,,moderator,0.0,[],1613442598,https://www.reddit.com/r/wallstreetbets/comments/lktkzn/gme_dead/,1,False
lkthyv,Is GME getting shorted by proxy?,13,[deleted],,deleted,2.0,[],1613442303,https://www.reddit.com/r/wallstreetbets/comments/lkthyv/is_gme_getting_shorted_by_proxy/,5,False
lkth85,I'm diamond handing $37k of GME already. Is there anything else worth YOLOing money into first thing tomorrow?,1,realaccountforsure,,moderator,0.0,[],1613442234,https://www.reddit.com/r/wallstreetbets/comments/lkth85/im_diamond_handing_37k_of_gme_already_is_there/,1,False
lktenf,"Fellow Apes, I'm engraving GME to the moon in my graveyard. But ain't fkn selling. 💎 🙌",1,new-age-phobia,,moderator,0.0,[],1613442004,https://www.reddit.com/r/wallstreetbets/comments/lktenf/fellow_apes_im_engraving_gme_to_the_moon_in_my/,0,False
lktele,GME Should Go Bankrupt,36,this_is_trash_really,,,2.0,[],1613441999,https://www.reddit.com/r/wallstreetbets/comments/lktele/gme_should_go_bankrupt/,804,False
lktc9s,"To be fair, you have to have a very high IQ to understand $GME",1,3JaneTessier-Ashpool,,reddit,0.0,[],1613441780,https://www.reddit.com/r/wallstreetbets/comments/lktc9s/to_be_fair_you_have_to_have_a_very_high_iq_to/,1,False
lktc6b,"GME holders, don't get discouraged",37,Sofa_king_disco,,,1.0,[],1613441772,https://www.reddit.com/r/wallstreetbets/comments/lktc6b/gme_holders_dont_get_discouraged/,477,False
lkt8cb,"Where my by holders at??? GME at $350. Sorry about the low quality, i should be studying.",0,Arod4774,,moderator,0.0,[],1613441411,https://www.reddit.com/r/wallstreetbets/comments/lkt8cb/where_my_by_holders_at_gme_at_350_sorry_about_the/,2,False
lkt1ay,XRT is being used to hide GME shorts. XRT currently sits at 190% short float. Peaking on 2/1 at over 800% short float!,76,--X0X0--,,moderator,4.0,[],1613440802,https://www.reddit.com/r/wallstreetbets/comments/lkt1ay/xrt_is_being_used_to_hide_gme_shorts_xrt/,53,False
lksxvc,XRT Shorts mapped to GME’s chart,1,WhyTalkShit,,reddit,0.0,[],1613440483,https://www.reddit.com/r/wallstreetbets/comments/lksxvc/xrt_shorts_mapped_to_gmes_chart/,2,False
lksxnx,Day 3 of GameStop Hearing - Secondary Witnesses Called to Testify - House Committee of Financial Services,1,BadassMcGass,,reddit,0.0,[],1613440466,https://www.reddit.com/r/wallstreetbets/comments/lksxnx/day_3_of_gamestop_hearing_secondary_witnesses/,4,False
lkswd2,XRT is being used to hide GME shorts. XRT currently sits at 190% short float. Peaking on 2/1 at over 800% short float!,1,[deleted],,deleted,0.0,[],1613440345,https://www.reddit.com/r/wallstreetbets/comments/lkswd2/xrt_is_being_used_to_hide_gme_shorts_xrt/,0,False
lksv64,XRT is being used to hide GME shorts. XRT currently sits at 190% SHORT FLOAT. Peaking on 2/1 at over 800% SHORT FLOAT!!,1,PavedImmunologist,,moderator,0.0,[],1613440233,https://www.reddit.com/r/wallstreetbets/comments/lksv64/xrt_is_being_used_to_hide_gme_shorts_xrt/,0,False
